id,name,location,phone
1,홍길동,서울,010-0000-0000
2,김길동,경기,010-1234-1234
3,이영희,부산,010-2345-2345
4,박철수,대구,010-3456-3456
5,최민수,인천,010-4567-4567
6,정수진,광주,010-5678-5678
7,강미영,대전,010-6789-6789
8,조현우,울산,010-7890-7890
9,윤서연,세종,010-8901-8901
10,임태준,경남,010-9012-9012
11,한지원,경북,010-0123-0123
12,송민재,전남,010-1234-5678
13,문예린,전북,010-2345-6789
14,백도현,충남,010-3456-7890
15,오나영,충북,010-4567-8901
16,신우진,강원,010-5678-9012
17,유채원,제주,010-6789-0123
18,김도윤,서울,010-7890-1234
19,이서현,경기,010-8901-2345
20,박지훈,부산,010-9012-3456
21,최유진,대구,010-0123-4567
22,정민호,인천,010-1234-5679
23,강소영,광주,010-2345-6780
24,조성민,대전,010-3456-7891
25,윤지아,울산,010-4567-8902
26,임수빈,세종,010-5678-9013
27,한준서,경남,010-6789-0124
28,송하은,경북,010-7890-1235
29,문시우,전남,010-8901-2346
30,백채윤,전북,010-9012-3457
31,오건우,충남,010-0123-4568
32,신다은,충북,010-1234-5680
33,유태양,강원,010-2345-6781
34,김소율,제주,010-3456-7892
35,이준혁,서울,010-4567-8903
36,박예은,경기,010-5678-9014
37,최현준,부산,010-6789-0125
38,정아린,대구,010-7890-1236
39,강동현,인천,010-8901-2347
40,조수아,광주,010-9012-3458
41,윤재원,대전,010-0123-4569
42,임하율,울산,010-1234-5681
43,한시은,세종,010-2345-6782
44,송우주,경남,010-3456-7893
45,문지율,경북,010-4567-8904
46,백준영,전남,010-5678-9015
47,오세아,전북,010-6789-0126
48,신유안,충남,010-7890-1237
49,유하준,충북,010-8901-2348
50,김서연,강원,010-9012-3459
